{
  "test/integration/opaTests.qunit-dbg.js": 1636301450357,
  "test/integration/NavigationJourney.js": 1636301450357,
  "test/unit/controller/Main.controller.js": 1636301450361,
  "test/integration/pages/View1.js": 1636301450357,
  "test/integration/arrangements/Startup.js": 1636301450357,
  "test/unit/unitTests.qunit.js": 1636301450361,
  "test/unit/AllTests.js": 1636301450361,
  "test/integration/opaTests.qunit.js": 1636301450357,
  "manifest.json": 1636301450353,
  "test/integration/AllJourneys.js": 1636301450357,
  "test/testsuite.qunit.js": 1636301450361,
  "test/initMockServer.js": 1636301450353,
  "test/initFlpSandbox.js": 1636301450353,
  "test/flpSandbox.js": 1636301450353,
  "model/models.js": 1636301450353,
  "localService/mockserver.js": 1636301450349,
  "controller/Main.controller.js": 1636538462669,
  "Component.js": 1636301450345,
  "manifest-bundle.zip": 1636538497560,
  "Component-preload.js": 1636538497901,
  "test/initMockServer-dbg.js": 1636301450353,
  "test/integration/pages/View1-dbg.js": 1636301450357,
  "test/integration/arrangements/Startup-dbg.js": 1636301450357,
  "test/unit/unitTests.qunit-dbg.js": 1636301450361,
  "test/unit/AllTests-dbg.js": 1636301450361,
  "i18n/i18n.properties": 1636301450349,
  "test/integration/NavigationJourney-dbg.js": 1636301450357,
  "test/integration/AllJourneys-dbg.js": 1636301450357,
  "test/testsuite.qunit-dbg.js": 1636301450361,
  "test/unit/controller/Main-dbg.controller.js": 1636301450361,
  "test/initFlpSandbox-dbg.js": 1636301450353,
  "test/flpSandbox-dbg.js": 1636301450353,
  "model/models-dbg.js": 1636301450353,
  "localService/mockserver-dbg.js": 1636301450349,
  "controller/Main-dbg.controller.js": 1636538462669,
  "Component-dbg.js": 1636301450345,
  "test/unit/unitTests.qunit.html": 1636301450361,
  "test/integration/opaTests.qunit.html": 1636301450357,
  "view/Main.view.xml": 1636301714743,
  "test/testsuite.qunit.html": 1636301450361,
  "test/mockServer.html": 1636301450361,
  "test/flpSandbox.html": 1636301450353,
  "css/style.css": 1636301450349,
  "index.html": 1636301450349
}