{
  "test/initFlpSandbox-dbg.js": 1636301550734,
  "manifest.json": 1636301550698,
  "test/unit/controller/Main.controller.js": 1636301550782,
  "test/integration/pages/View1.js": 1636301550774,
  "test/integration/arrangements/Startup.js": 1636301550770,
  "test/unit/unitTests.qunit.js": 1636301550786,
  "test/unit/AllTests.js": 1636301550774,
  "test/integration/opaTests.qunit.js": 1636301550770,
  "test/integration/NavigationJourney.js": 1636301550766,
  "test/integration/AllJourneys.js": 1636301550754,
  "test/testsuite.qunit.js": 1636301550774,
  "test/initMockServer.js": 1636301550742,
  "test/initFlpSandbox.js": 1636301550734,
  "test/flpSandbox.js": 1636301550730,
  "model/models.js": 1636301550706,
  "localService/mockserver.js": 1636301550690,
  "controller/Main.controller.js": 1636302030020,
  "Component.js": 1636301550682,
  "manifest-bundle.zip": 1636538145400,
  "Component-preload.js": 1636538145630,
  "controller/Main-dbg.controller.js": 1636302030020,
  "test/integration/pages/View1-dbg.js": 1636301550774,
  "test/integration/arrangements/Startup-dbg.js": 1636301550770,
  "test/unit/unitTests.qunit-dbg.js": 1636301550786,
  "test/unit/AllTests-dbg.js": 1636301550774,
  "test/integration/opaTests.qunit-dbg.js": 1636301550770,
  "test/integration/NavigationJourney-dbg.js": 1636301550766,
  "test/integration/AllJourneys-dbg.js": 1636301550754,
  "test/testsuite.qunit-dbg.js": 1636301550774,
  "test/initMockServer-dbg.js": 1636301550742,
  "i18n/i18n.properties": 1636301550686,
  "test/flpSandbox-dbg.js": 1636301550730,
  "model/models-dbg.js": 1636301550706,
  "localService/mockserver-dbg.js": 1636301550690,
  "test/unit/controller/Main-dbg.controller.js": 1636301550782,
  "Component-dbg.js": 1636301550682,
  "test/unit/unitTests.qunit.html": 1636301550786,
  "test/integration/opaTests.qunit.html": 1636301550770,
  "view/Main.view.xml": 1636538097562,
  "test/testsuite.qunit.html": 1636301550774,
  "test/mockServer.html": 1636301550774,
  "test/flpSandbox.html": 1636301550722,
  "css/style.css": 1636301550686,
  "index.html": 1636301550690
}