{
  "test/flpSandbox.html": 1636297296561,
  "test/unit/AllTests.js": 1636297296581,
  "test/unit/controller/Main.controller.js": 1636297296585,
  "test/integration/pages/View1.js": 1636297296577,
  "test/integration/arrangements/Startup.js": 1636297296573,
  "test/unit/unitTests.qunit.js": 1636297296589,
  "manifest.json": 1636297296557,
  "test/integration/opaTests.qunit.js": 1636297296573,
  "test/integration/NavigationJourney.js": 1636297296569,
  "test/integration/AllJourneys.js": 1636297296569,
  "test/testsuite.qunit.js": 1636297296581,
  "test/initMockServer.js": 1636297296569,
  "test/initFlpSandbox.js": 1636297296565,
  "test/flpSandbox.js": 1636297296561,
  "model/models.js": 1636297296557,
  "localService/mockserver.js": 1636297296553,
  "controller/Main.controller.js": 1636297296545,
  "Component.js": 1636297296541,
  "manifest-bundle.zip": 1636445536909,
  "Component-preload.js": 1636445537094,
  "test/integration/arrangements/Startup-dbg.js": 1636297296573,
  "test/integration/pages/View1-dbg.js": 1636297296577,
  "test/unit/controller/Main-dbg.controller.js": 1636297296585,
  "test/unit/unitTests.qunit-dbg.js": 1636297296589,
  "test/unit/AllTests-dbg.js": 1636297296581,
  "test/integration/opaTests.qunit-dbg.js": 1636297296573,
  "test/integration/NavigationJourney-dbg.js": 1636297296569,
  "test/integration/AllJourneys-dbg.js": 1636297296569,
  "test/testsuite.qunit-dbg.js": 1636297296581,
  "test/initMockServer-dbg.js": 1636297296569,
  "test/initFlpSandbox-dbg.js": 1636297296565,
  "test/flpSandbox-dbg.js": 1636297296561,
  "model/models-dbg.js": 1636297296557,
  "localService/mockserver-dbg.js": 1636297296553,
  "controller/Main-dbg.controller.js": 1636297296545,
  "Component-dbg.js": 1636297296541,
  "test/unit/unitTests.qunit.html": 1636297296585,
  "test/integration/opaTests.qunit.html": 1636297296573,
  "view/Main.view.xml": 1636297685159,
  "test/testsuite.qunit.html": 1636297296581,
  "test/mockServer.html": 1636297296577,
  "i18n/i18n.properties": 1636297296545,
  "css/style.css": 1636297296545,
  "index.html": 1636297296549
}